{
  "user_123_login": {
    "count": 13,
    "first_attempt": 1751830899.401172,
    "last_attempt": 1751832581.086006
  }
}